<?xml version="1.0" encoding="ISO-8859-1" ?>

<!DOCTYPE struts-config PUBLIC
          "-//Apache Software Foundation//DTD Struts Configuration 1.1//EN"
          "http://jakarta.apache.org/struts/dtds/struts-config_1_1.dtd">

<struts-config>
  <data-sources>
  <data-source type="oracle.jdbc.pool.OracleDataSource" key="ods">
  <set-property property="description" value="Oracle Datasource"/>
<set-property property="driverClass" value="oracle.jdbc.driver.OracleDriver"/>
<set-property
property="URL"
value="jdbc:oracle:thin:hr/hr@127.0.0.1:1521:XE"/>
</data-source>
  </data-sources>
  <form-beans>
  <form-bean name="CheckForm" type="com.nishant.CheckForm"></form-bean>
  </form-beans>
  <global-forwards>
  </global-forwards>
  <action-mappings>
  <action input="/index.jsp" path="/check" name="CheckForm" type="com.nishant.CheckConnectionAction" scope="session">
  <forward name="success" path="/success.jsp"></forward>
  <forward name="failure" path="/failure.jsp"></forward>
  </action>
  </action-mappings>
  <controller>
  </controller>
  <message-resources parameter="com.nishant.application"></message-resources>
</struts-config>
